{
  "title": "Redes Estratégicas",
  "texto": "Assista e interaja com cinco experiências de efetivação das Redes Temáticas sobre Saúde da Mulher, Saúde da Criança, Saúde do Jovem e Adolescente, Saúde da Pessoa com Deficiência e Saúde da Pessoa Privada de Liberdade. \n\nEssas experiências contribuem para ampliar  a comunicação e informação em saúde e fortalecer o compromisso com a garantia de direitos e a defesa do SUS!",
  "hipervideos": [
    {
      "id": "mulher",
      "artigo": "a",
      "cidade": "SA",
      "geo": [-12.9764, -38.4727, 12],
      "locais": [{
        "nome": "Maternidade de Referência Professor José Maria de Magalhães Neto",
        "lat": -12.9627283,
        "lon": -38.4917117,
        "site": "http://mtbalbino.blogspot.com.br/"
      },
      {
        "nome": "Maternidade de Referência Professor José Maria de Magalhães Neto",
        "lat": -12.95990,
        "lon": -38.48417,
        "site": "http://www.saude.ba.gov.br/dgrp/index.php?option=com_content&view=article&id=327&Itemid=175"
      }],
      "nome": "Mulher",
      "formato": "saúde da mulher",
      "descricao": "A Rede Cegonha surge do compromisso com a redução da mortalidade materno-infantil, com a mudança no modelo de atenção obstétrico e avanço da pauta do direito reprodutivo na sociedade brasileira. A experiência de Salvador permite cartografar um processo em construção de avanços, mudanças e desafios para a construção de Redes de Atenção em Saúde com ampliação do acesso, melhoria da atenção e reconhecimento dos direitos das mulheres.      ",      
      "cor": "#ed1e79",
      "url": "https://s3-sa-east-1.amazonaws.com/avnaweb/DAPES/Novos_Converts/dapes_ssa_final",
      "duracao": 1782.434,
      "capitulos": [
        {
          "nome": "Introdução",
          "timecode": 117.873826,
          "id": 1
        },
        {
          "nome": "Centro de Parto Normal",
          "id": 2,
          "timecode": 449
        },
        {
          "nome": "Maternidade de Alto Risco",
          "id": 3,
          "timecode": 857
        },
        {
          "nome": "Doulas",
          "id": 4,
          "timecode": 957
        },

        {
          "nome": "Apoio Institucional",
          "id": 5,
          "timecode": 1243
        },
          {
          "nome": "Fórum Perinatal",
          "id": 6,
          "timecode": 1400
        },
          {
          "nome": "Mapa de Vinculação",
          "id": 7,
          "timecode": 1566
        },
          {
          "nome": "Final",
          "id": 8,
          "timecode": 1800
        }
      ]
    },
    {
      "id": "crianca",
      "artigo": "a",
      "cidade": "FL",
      "geo": [-27.6039, -48.5388, 13],
      "nome": "Criança",
      "formato": "saúde da criança",
      "descricao": "Os componentes da Saúde da Criança na consolidação da Rede Cegonha são explorados nessa rica experiência no município de Florianópolis que expressa o compromisso interfederativo que agrega acúmulos da esfera local com apoio ministerial. O cuidado com primeira infância, boas práticas e humanização do parto e nascimento, a participação da comunidade e o papel da atenção básica na articulação do cuidado do recém-nascido são temas abordados nesse hipervídeo.",      
      "cor": "#0cc",
      "url": "https://s3-sa-east-1.amazonaws.com/avnaweb/DAPES/Novos_Converts/dapes_fpa_final",
      "duracao": 1172.404,
      "capitulos": [
        {
          "id": 1,
          "nome": " maternidade",
          "timecode": 393
        },
        {
          "id": 2,
          "nome": "unidade de saude da familia",
          "timecode": 742
        },
        {
          "id": 3,
          "nome": "promoção de saude",
          "timecode": 957
        },
        {
          "id": 4,
          "nome": "participação popular",
          "timecode": 1172.404
        }
      ]
    },
    {
      "id": "adolescente",
      "artigo": "o",
      "cidade": "BH",
      "geo": [-19.8830, -43.9213, 11],
      "locais": [{
        "nome": "NAMSEP / CIA BH",
        "lat": -19.9215938,
        "lon": -43.94632,
        "site": "http://ftp.tjmg.jus.br/ciabh/"
      },
      {
        "nome": "CENTRO DE SAÚDE SANTA MÔNICA",
        "lat": -19.8290296,
        "lon": -43.9770025,
        "site": "http://www.guiamais.com.br/local/centro+de+saude+santa+monica-postos+de+saude-belo+horizonte-mg-16353791-1"
      },
      {
        "nome": "CERSAMI",
        "lat": -19.9728268,
        "lon": -44.2081893,
        "site": "http://ftp.tjmg.jus.br/ciabh/"
      },
      {
        "nome": "CENTRO DE INTERNAÇÃO SÃO JERÔNIMO",
        "lat": -19.8980852,
        "lon": -43.9143304,
        "site": "http://www.apontador.com.br/local/mg/belo_horizonte/medicos_e_consultorios/W688GW22/centro_de_reeducacao_social_sao_jeronimo.html"
      },
      {
        "nome": "CENTRO SAUDE HORTO",
        "lat": -19.913061,
        "lon": -43.920491,
        "site": "http://www.guiamais.com.br/local/centro+de+saude+horto-postos+de+saude-belo+horizonte-mg-16353728-1"
      },
      {
        "nome": "CENTRO DE INTERNAÇÃO DOM BOSCO",
        "lat": -19.911262,
        "lon": -43.909458,
        "site": "https://plus.google.com/109503049864054263237/about?gl=br&hl=pt-BR"
      },
      {
        "nome": "CENTRO DE INTERNAÇÃO SÃO BENEDITO",
        "lat": -19.909405,
        "lon": -43.911859,
        "site": "https://plus.google.com/113775131467892365820/about?hl=pt-BR"
      }],
      "nome": "Adolescente",
      "formato": "saúde do adolescente",
      "descricao": "Este hipervídeo aborda, entre as diversas ações direcionadas a saúde do adolescente, a Política de Atenção Integral à Saúde de Adolescentes em Conflito com a Lei – PNAISARI, e sua missão de facilitar o acesso do adolescente em conflito com a lei no Serviço Único de Saúde – SUS, com ações intersetoriais nos espaços que desenvolvem programas socioeducativos, favorecendo o fortalecimento de redes e uma maior atuação das secretarias estaduais e municipais de saúde no aporte às necessidades desta população.",
      "cor": "#00a300",
      "url": "https://s3-sa-east-1.amazonaws.com/avnaweb/DAPES/Novos_Converts/dapes_bh_final",
      "duracao": 1801.591,
      "capitulos": [
        {
          "nome": "Introdução",
          "id": 1,
          "timecode": 125.270083
        },
        {
          "nome": "PNAISARI",
          "id": 2,
          "timecode": 438
        },
        {
          "nome": "Intersetorialidade",
          "id": 3,
          "timecode": 717
        },
        {
          "nome": "Saúde da Família",
          "id": 4,
          "timecode": 890
        },
          {
          "nome": "Promoção de Saúde",
          "id": 5,
          "timecode": 1520
        },
          {
          "nome": "O Valor da Escuta",
          "id": 7,
          "timecode": 1806
        }
      ]
    },
    {
      "id": "deficiencia",
      "artigo": "o",
      "cidade": "GO",
      "geo": [-16.6936, -49.2521, 12],
      "nome": "deficiencia",
      "formato": "saúde da pessoa com deficiência",
      "descricao": "A ampliação do grau de autonomia das pessoas com deficiência é um compromisso da Rede de Cuidado em Saúde a Pessoa com deficiencia. Na experiência de Goiânia acompanhamos em ato a constituição de uma rede de saberes que agindo de modo integrado e transversal vem  possibilitando transformações nos modos de ver e cuidar, que produzem avanços no direito à saúde e na cidadania da pessoa com deficiência na sociedade brasileira.",
      "cor": "#00f",
      "url": "https://s3-sa-east-1.amazonaws.com/avnaweb/DAPES/Novos_Converts/dapes_gyn_final",
      "duracao": 1556.386,
      "capitulos": [
        {
          "id": 1,
          "nome": "Introdução",
          "timecode": 150
        },
        {
          "id": 2,
          "nome": "Atendimento Visual",
          "timecode": 330
        },
        {
          "id": 3,
          "nome": "Centro de Reabilitação",
          "timecode": 499
        },
        {
          "id": 4,
          "nome": "Atendimento Auditivo",
          "timecode": 729
        },
                {
          "id": 5,
          "nome": "Atendimento Universal",
          "timecode": 850
        },
                {
          "id": 6,
          "nome": "Interdisciplinaridade",
          "timecode": 1148
        },
                {
          "id": 7,
          "nome": "Autonomia",
          "timecode": 1251
        },
                {
          "id": 8,
          "nome": "Oficina Ortopédica",
          "timecode": 1425
        },
                {
          "id": 9,
          "nome": "Projeto Terapêutico",
          "timecode": 1556.386
        }
      ]
    },
    {
      "id": "prisional",
      "artigo": "o",
      "cidade": "PA",
      "geo": [-30.0520, -51.2056, 12],
      "locais": [{
        "nome": "Presídio Central",
        "lat": -30.071048,
        "lon": -51.181741,
        "site": "https://plus.google.com/111983755407338448883/about?hl=pt-BR"
      },
      {
        "nome": "Hospital Sanatório Partenon",
        "lat": -30.062574,
        "lon": -51.178758,
        "site": "http://www.saude.rs.gov.br/conteudo/639/?Hospital_Sanat%C3%B3rio_Partenon_%28HSP%29"
      }],
      "nome": "prisional",
      "formato": "saúde da pessoa privada de liberdade",
      "descricao": "A experiência de Porto Alegre-RS apresenta a complexidade desse novo território da saúde: o sistema prisional, e o desafio de integração desse novo ponto da Rede de Atenção em Saúde: as Equipe de Atenção Básica Prisional – EABP. Entre a saúde e a justiça emerge um novo campo de práticas mobilizado pelo avanço da garantia dos direitos humanos das pessoas privadas de liberdade.",
      "cor": "#f00",
      "url": "https://s3-sa-east-1.amazonaws.com/avnaweb/DAPES/Novos_Converts/dapes_poa_final",
      "duracao": 1294.914,
      "capitulos": [
        {
          "id": 1,
          "nome": "sistema prisional",
          "timecode": 177.740309
        },
        {
          "id": 2,
          "nome": "DOENÇAS INFECTOCONTAGIOSAS",
          "timecode": 583.595004
        },
        {
          "id": 3,
          "nome": "UBS Prisional",
          "timecode": 792.191215
        },
        {
          "id": 4,
          "nome": "SAÚDE/SEGURANÇA",
          "timecode": 960.935369
        },
        {
          "id": 5,
          "nome": "participação popular",
          "timecode": 1156.035438
        },
        {
          "id": 6,
          "nome": "desafios",
          "timecode": 1294.914
        }
      ]
    }
  ],
  "teste": {
      "id": "teste",
      "geo": [-12.9764, -38.4727, 12],
      "locais": [{
        "nome": "Maternidade 2",
        "lat": -12.9627283,
        "lon": -38.4917117,
        "site": "http://mtbalbino.blogspot.com.br/"
      },
      {
        "nome": "Maternidade 1",
        "lat": -12.95990,
        "lon": -38.48417,
        "site": "http://www.saude.ba.gov.br/dgrp/index.php?option=com_content&view=article&id=327&Itemid=175"
      }],
      "nome": "Teste",
      "descricao": "Lorem ipsum dolor sit amet, consectetur adipisicing elit. Quaerat tenetur adipisci aliquid temporibus veritatis necessitatibus hic ut, culpa placeat, voluptate, delectus dolores. Nam hic sequi aspernatur excepturi reiciendis aperiam. Sapiente.",      
      "cor": "#ed1e79",
      "url": " ",
      "duracao": 1782.434,
      "capitulos": [
        {
          "nome": "Introdução",
          "timecode": 117.873826,
          "id": 1
        },
        {
          "nome": "Continuando",
          "id": 2,
          "timecode": 449
        },
        {
          "nome": "Desenvolvendo",
          "id": 3,
          "timecode": 957
        },
        {
          "nome": "Caso 1",
          "id": 4,
          "timecode": 1243
        },
          {
          "nome": "Caso 2",
          "id": 5,
          "timecode": 1414
        },
          {
          "nome": "Transformação",
          "id": 6,
          "timecode": 1566
        },
          {
          "nome": "Final",
          "id": 7,
          "timecode": 1800
        }
      ]
    },
  "tocando": "Intro",
  "view": "",
  "className": "",
  "params": {
    "video": null
  }
}