{
  "timecode": [
    {"start":   60, "end":  70, "node": 1},
    {"start":   83, "end":  93, "node": 2},
    {"start":  120, "end":  130, "node": 3},
    {"start":  131, "end":  143, "node": 4},
    {"start":  259, "end": 289, "node": 5},
    {"start":  210, "end": 225, "node": 6},
    {"start":  255, "end": 265, "node": 7},
    {"start":  188, "end": 200, "node": 8},
    {"start": 201, "end": 209, "node": 9},
    {"start": 370, "end": 385, "node": 10},
    {"start": 386, "end": 402, "node": 11},
    {"start": 429, "end": 437, "node": 12},
    {"start": 467, "end": 480, "node": 13},
    {"start": 530, "end": 550, "node": 14},
    {"start": 570, "end": 574, "node": 15},
    {"start": 630, "end": 640, "node": 16},
    {"start": 780, "end": 790, "node": 17},
    {"start": 808, "end": 818, "node": 18},
    {"start": 847, "end": 857, "node": 19},
    {"start": 1000, "end": 1010, "node": 20},
    {"start": 1045, "end": 1055, "node": 21},
    {"start": 99, "end": 104, "node": 22},
    {"start": 114, "end": 119, "node": 23},
    {"start": 145, "end": 150, "node": 24},
    {"start": 235, "end": 240, "node": 25},
    {"start": 328, "end": 333, "node": 26},
    {"start": 403, "end": 408, "node": 27},
    {"start": 423, "end": 428, "node": 28},
    {"start": 438, "end": 443, "node": 29},
    {"start": 523, "end": 528, "node": 30},
    {"start": 552, "end": 557, "node": 31},
    {"start": 575, "end": 580, "node": 32},
    {"start": 711, "end": 716, "node": 33},
    {"start": 742, "end": 747, "node": 34},
    {"start": 841, "end": 846, "node": 35},
    {"start": 951, "end": 956, "node": 36}
  ],
  "nodes": [
    {
      "id": 1,
      "title": "Boas práticas",
      "icon": "conceito",
      "component": {
        "type": "text",
        "fields": {
          "excerpt": "###Boas práticas de atenção ao parto e ao nascimento \n\nO clampeamento do cordão umbilical em tempo oportuno, ou seja, somente após parar de pulsar, é uma das boas práticas de atenção ao parto e ao nascimento recomendadas pelo Ministério da Saúde e a Organização Mundial de Saúde, assim como o contato pele a pele e a amamentação na primeira hora de vida."
        }
      },
      "conteudo": {
        "texto": "",
        "arquivos": [{
          "nome": "Além da Sobrevivência: práticas integradas de atenção ao parto, benéficas para a nutrição e a saúde de mães e crianças",
          "link": "http://bvsms.saude.gov.br/bvs/publicacoes/alem_sobrevivencia_atencao_parto.pdf"
        },
        {
          "nome": "Portaria SAS nº 371, de 7 de maio de 2014",
          "link": "http://bvsms.saude.gov.br/bvs/saudelegis/sas/2014/prt0371_07_05_2014.html"
        }]
      }
    },
    {
      "id": 2,
      "title": "Direito ao Acompanhante",
      "icon": "marco",
      "graph": true,
      "component": {
        "type": "text",
        "ano": 2005,
        "fields": {
          "excerpt": "A lei, que está em vigor desde 2005, determina que os hospitais, maternidades e assemelhados permitam a presença de um acompanhante indicado pela gestante para acompanhá-la durante o trabalho de parto, durante o parto e pós-parto (período por até 10 dias). Isso vale para todos os hospitais brasileiros, seja particular ou público. ![Direito ao acompanhante](https://s3-sa-east-1.amazonaws.com/avnaweb/DAPES/FPA/arquivos/01.png)"
        }
      },
      "conteudo": {
        "texto": "",
        "arquivos": [{
          "nome": "LEI N° 11.108 - Lei do Acompanhante",
          "link": "http://www.planalto.gov.br/ccivil_03/_Ato2004-2006/2005/Lei/L11108.htm"
        },
        {
          "nome": "Direito do acompanhante Campanha pai presente",
          "link": "http://u.saude.gov.br/images/pdf/2014/maio/21/CNSH-lei-acomp-Folder-Lei-do-Acompanhante.pdf"
        },
        {
          "nome": "Texto lei do acompanhante",
          "link": "http://www.redehumanizasus.net/sites/default/files/humanizasus_visita_aberta_direito_acompanhante_0.pdf"
        },
        {
          "nome": "Carta dos direitos dos Usuários da saúde",
          "link": "http://www.redehumanizasus.net/sites/default/files/af_carta_usuarios_saude_sem_logo_0.pdf"
        }]
      }
    },
    {
      "id": 3,
      "title": "Redução de Mortalidade",
      "icon": "conceito",
      "component": {
        "type": "text",
        "fields": {
          "excerpt": "###Redução da Mortalidade Infantil e Neonatal\n\nO Brasil foi um dos primeiros países a atingir a meta 4 dos Objetivos de Desenvolvimento do Milênio (ODM), de redução da mortalidade na infância em dois terços, até 2015. De 1990 até 2012, a mortalidade de crianças menores de 5 anos foi reduzida em 77%, passando de 66 mortes para cada mil nascidos vivos para 14 por cada mil. Apesar dos avanços, ainda permanecem como desafios importantes a diminuição da mortalidade neonatal, que compreende o período de 0 a 27 dias do bebê, e que representa 70% das mortes infantis, bem como o enfrentamento às iniquidades regionais e em grupos vulneráveis, como indígenas, quilombolas, ribeirinhos, entre outros."
        }
      },
      "conteudo": {
        "texto": ""
      }
    },

    {
      "id": 4,
      "title": "Hospital Amigo da Criança",
      "icon": "conceito",
      "component": {
        "type": "text",
        "fields": {
          "excerpt": "A **Iniciativa Hospital Amigo da Criança** contribui para a diminuição da morbimortalidade infantil com o estímulo das Boas Práticas de atenção ao parto e nascimento (OMS_1996), o incentivo ao aleitamento materno desde o contato pele a pele na sala de parto e o incentivo à amamentação na primeira hora de vida do bebê. Para um hospital se tornar Amigo da Criança é necessário que cumpra, além desses critérios, a Norma Brasileira de Comercialização de Alimentos para Lactentes e Crianças na Primeira Infância (NBCAL) e a garantia da permanência da mãe ou pai, junto ao recém-nascido internado, durante as 24 horas, com livre acesso de ambos ao bebê, ou na falta dos pais, ao responsável legal. ![Desenho Mãe com Bebe](https://s3-sa-east-1.amazonaws.com/avnaweb/DAPES/FPA/arquivos/02.png)"
        }
      },
      "conteudo": {
        "texto": "",
        "arquivos": [{
          "nome": "Portaria nº 1153 de 22 de maio de 2014",
          "link": "http://bvsms.saude.gov.br/bvs/saudelegis/gm/2014/prt1153_22_05_2014.html"
        }]
      }
    },
    {
      "id": 5,
      "title": "Humanização",
      "icon": "conceito",
      "component": {
        "type": "text",
        "fields": {
          "excerpt": "Lançada em 2003, a Política Nacional de Humanização (PNH) busca pôr em prática os princípios do SUS no cotidiano dos serviços de saúde, produzindo mudanças nos modos de gerir e cuidar."
        }
      },
      "conteudo": {
        "texto": "",
        "arquivos": [{
          "nome": "Documento Base PNH",
          "link": "http://bvsms.saude.gov.br/bvs/publicacoes/humanizasus_gestores_trabalhadores_sus_4ed.pdf"
        },
        {
          "nome": "Folheto PNH",
          "link": "http://bvsms.saude.gov.br/bvs/publicacoes/politica_nacional_humanizacao_pnh_folheto.pdf"
        },
        {
          "nome": "Material de Apoio PNH",
          "link": "http://www.saude.sc.gov.br/hijg/gth/Cartilha%20da%20PNH.pdf"
        },
        {
          "nome": "Rede Humaniza SUS - PNH",
          "link": "http://www.redehumanizasus.net/36080-area-da-pnh"
        }]
      }
    },
    {
      "id": 6,
      "title": "Vinculação à Atenção Básica",
      "icon": "conceito",
      "component": {
        "type": "text",
        "fields": {
          "excerpt": "###Vinculação da mãe/bebê à Atenção Básica\n\n Além da aplicação das vacinas contra Tuberculose (BCG) e Hepatite B, ainda na Maternidade, o recém-nascido deve também realizar os testes do Olhinho, da Orelhinha e do Coraçãozinho, previstos na Política Nacional de Triagens Neonatais. O teste do pezinho (triagem neonatal biológica), na maior parte do país, é realizado nas Unidades Básicas de Saúde, entre o 3º e o 5º dia de vida.![Atenção Basica](https://s3-sa-east-1.amazonaws.com/avnaweb/DAPES/FPA/arquivos/Cartaz+5+dia+final.png)"
        }
      },
      "conteudo": {
        "texto": ""
      }
    },
    {
      "id": 7,
      "title": "Portaria 930",
      "icon": "marco",
      "graph": true,
      "component": {
        "type": "text",
        "ano": 2012,
        "fields": {
          "excerpt": "Portaria nº 930, de 10 de maio de 2012, que define as diretrizes e objetivos para a organização da atenção integral e humanizada ao recém-nascido grave ou potencialmente grave e os critérios de classificação e habilitação de leitos de Unidade Neonatal noâmbito do Sistema Único de Saúde (SUS)."
        }
      },
      "conteudo": {
        "texto": "",
        "arquivos": [{
          "nome": "Portaria 930",
          "link": "http://www.redehumanizasus.net/59381-documentos-de-base"
        },
        {
          "nome": "Unidade Neonatal noâmbito do Sistema Único de Saúde (SUS)",
          "link": "http://bvsms.saude.gov.br/bvs/saudelegis/gm/2012/prt0930_10_05_2012.html"
        }]
      }
    },
    {
      "id": 8,
      "title": "Vinculação da gestante",
      "icon": "conceito",
      "component": {
        "type": "text",
        "fields": {
          "excerpt": "###Vinculação da gestante à maternidade\n\nUma das principais diretrizes da Rede Cegonha é a garantia da vinculação de toda mulher grávida à Maternidade onde deverá dar à luz. Isso deve acontecer já durante o pré-natal."
        }
      },
      "conteudo": {
        "texto": ""
      }
    },
    {
      "id": 9,
      "title": "Articulação do cuidado em rede",
      "icon": "funcao",
      "component": {
        "type": "text",
        "fields": {
          "excerpt": "###Articulação do cuidado em rede"
        }
      },
      "conteudo": {
        "texto": "",
        "arquivos": [{
          "nome": "Programa Capital Criança",
          "link": "http://www.pmf.sc.gov.br/entidades/saude/index.php?cms=capital+crianca&menu=6"
        },
        {
          "nome": "Minuta Capital Criança",
          "link": "https://s3-sa-east-1.amazonaws.com/avnaweb/DAPES/FPA/arquivos/Minuta_Capital_Crainca.pdf"
        }]
      }
    },
    {
      "id": 10,
      "title": "Método Canguru",
      "icon": "conceito",
      "component": {
        "type": "text",
        "fields": {
          "excerpt": "O Método Canguru é uma política de saúde pública que reúne conhecimentos sobre as particularidades físicas e biológicas e sobre as necessidades de cuidados técnicos e psicológicos do casal grávido, da gestante, da mãe e do pai do recém-nascido pré-termo e de toda a sua família. Abrange também a equipe de profissionais responsável por esse atendimento, buscando motivá-la para mudanças importantes em suas ações como cuidadores."
        }
      },
      "conteudo": {
        "texto": "![Método Canguru](https://s3-sa-east-1.amazonaws.com/avnaweb/DAPES/FPA/arquivos/04.png)\n\nO Método Canguru é uma política de saúde pública que reúne conhecimentos sobre as particularidades físicas e biológicas e sobre as necessidades de cuidados técnicos e psicológicos do casal grávido, da gestante, da mãe e do pai do RN pré termo e de toda a sua família. Abrange também a equipe de profissionais responsável por esse atendimento, buscando motivá-la para mudanças importantes em suas ações como cuidadores.",
        "arquivos": [{
          "nome": "PORTARIA Nº 1.683, DE 12 DE JULHO DE 2007",
          "link": "http://bvsms.saude.gov.br/bvs/saudelegis/gm/2007/prt1683_12_07_2007.html"
        },
        {
          "nome": "Método canguru:",
          "link": "http://portalsaude.saude.gov.br/index.php/o-ministerio/principal/secretarias/562-sas-raiz/dapes/saude-da-crianca-e-aleitamento-materno/l4-saude-da-crianca-e-aleitamento-materno/10387-vacinacao-infantil"
        }]
      }
    },
    {
      "id": 11,
      "title": "Equipe Multiprofissional",
      "icon": "conceito",
      "component": {
        "type": "text",
        "fields": {
          "excerpt": "O atendimento ao recém-nascido na Atenção Básica é realizado por uma equipe multiprofissional, composta por médico de família, enfermeiro, agentes de saúde, com apoio do Pediatra e de outros profissionais."
        }
      },
      "conteudo": {
        "texto": ""
      }
    },
    {
      "id": 12,
      "title": "Caderneta de saúde da criança",
      "icon": "conceito",
      "component": {
        "type": "text",
        "fields": {
          "excerpt": "A Caderneta de Saúde da Criança traz o calendário básico de vacinação, além de gráficos de crescimento, desenvolvimento e diversas orientações para o cuidado da criança dos 0 aos 9 anos. É direito de toda criança nascida em território nacional receber a caderneta de saúde da criança logo após o nascimento."
        }
      },
      "conteudo": {
        "texto": "![Cadernetas da criança](https://s3-sa-east-1.amazonaws.com/avnaweb/DAPES/FPA/arquivos/05.png)\n\nA Caderneta de Saúde da Criança traz o calendário básico de vacinação, além de gráficos de crescimento, desenvolvimento e diversas orientações para o cuidado da criança dos 0 aos 9 anos. É direito de toda criança nascida em território nacional receber a caderneta de saúde da criança logo após o nascimento.",
        "arquivos": [{
          "nome": "Caderneta menino",
          "link": "http://bvsms.saude.gov.br/bvs/publicacoes/caderneta_saude_crianca_menino_9ed.pdf"
        },
        {
          "nome": "Caderneta menina",
          "link": "http://bvsms.saude.gov.br/bvs/publicacoes/caderneta_saude_crianca_menina_9ed.pdf"
        }]
      }
    },

    {
      "id": 13,
      "title": "Amamenta e Alimenta Brasil",
      "icon": "conceito",
      "component": {
        "type": "text",
        "fields": {
          "excerpt": "###Estratégian Amamenta e Alimenta Brasil\n\nEm 2012, a Rede Amamenta Brasil foi integrada à Estratégia Nacional para a Alimentação Complementar Saudável (ENPACS) com o objetivo de qualificar o processo de trabalho dos profissionais da atenção básica para a promoção do aleitamento materno e da alimentação saudável para crianças menores de dois anos."
        }
      },
      "conteudo": {
        "texto": "![Amamenta Brasil](https://s3-sa-east-1.amazonaws.com/avnaweb/DAPES/FPA/arquivos/06.png)\n\nEm 2012, a Rede Amamenta Brasil foi integrada à Estratégia Nacional para a Alimentação Complementar Saudável (ENPACS) com o objetivo de qualificar o processo de trabalho dos profissionais da atenção básica para a promoção do aleitamento materno e da alimentação saudável para crianças menores de dois anos.",
        "arquivos": [{
          "nome": "ESTRATÉGIA AMAMENTA E ALIMENTA BRASIL",
          "link": "http://portalsaude.saude.gov.br/index.php/o-ministerio/principal/secretarias/515-sas-raiz/dapes/saude-da-crianca-e-aleitamento-materno/l3-saude-da-crianca-e-aleitamento-materno/10385-mortalidade-infantil"
        }]
      }
    },
    {
      "id": 14,
      "title": "Aleitamento Materno",
      "icon": "conceito",
      "component": {
        "type": "text",
        "fields": {
          "excerpt": "O Ministério da Saúde e a Organização Mundial da Saúde recomendam o aleitamento materno até os dois anos ou mais, e de forma exclusiva até o sexto mês de vida da criança."
        }
      },
      "conteudo": {
        "texto": ""
      }
    },
    {
      "id": 15,
      "title": "Brasil Carinhoso e MTA",
      "icon": "marco",
      "graph": true,
      "component": {
        "type": "text",
        "ano": 2012,
        "fields": {
          "excerpt": "###Brasil Carinhoso e Mulher Trabalhadora que Amamenta\n\nEm 2012, o Brasil se juntou ao seleto grupo de países que possuem politicas nacionais intersetoriais em prol da promoção do Desenvolvimento na Primeira Infância (DPI), ao lançar o BRASIL CARINHOSO. O programa contempla ações de ampliação da oferta de Creches pelo Ministério da Educação (MEC), de extensão do Bolsa Família para famílias com crianças na primeira infância pelo Ministério do Desenvolvimento Social (MDS) e, no caso do Ministério da Saúde, fortalecimento da prevenção de Anemia Ferropriva e Hipovitaminose A e extensão do Programa Saúde na Escola (PSE) para creches e pré-escolas. A ação Mulher Trabalhadora que Amamenta consiste em criar nas empresas públicas e privadas uma cultura de respeito e apoio ao aleitamento materno, com a implementação de salas de apoio à amamentação nos locais de trabalho; a ampliação da licença maternidade para seis meses; possibilitar o acesso a creches no local de trabalho ou conveniadas; o cumprimento das leis que protegem a amamentação, entre outras ações."
        }
      },
      "conteudo": {
        "texto": "",
        "arquivos": [{
          "nome": "Estatuto da Criança e do Adolescente",
          "link": "http://www.planalto.gov.br/ccivil_03/leis/l8069.htm"
        },
        {
          "nome": "Programa Brasil Carinhoso",
          "link": "http://brasilcarinhoso.net"
        },
        {
          "nome": "Mulher Trabalhadora que Amamenta",
          "link": "http://portalsaude.saude.gov.br/index.php/o-ministerio/principal/secretarias/515-sas-raiz/dapes/saude-da-crianca-e-aleitamento-materno/l3-saude-da-crianca-e-aleitamento-materno/12878-mulher-trabalhadora-que-amamenta"
        }]
      }
    },
    {
      "id": 16,
      "title": "PNPIC",
      "icon": "marco",
      "graph": true,
      "component": {
        "type": "text",
        "ano": 2005,
        "fields": {
          "excerpt": "###Politica Nacional de Praticas Integrativas e Complementares no SUS\n\n "
        }
      },
      "conteudo": {
        "texto": "",
        "arquivos": [{
          "nome": "PNPIC",
          "link": "http://bvsms.saude.gov.br/bvs/publicacoes/pnpic.pdf"
        },
        {
          "nome": "Portal da Saúde PNPIC",
          "link": "http://dab.saude.gov.br/portaldab/pnpic.php"
        },
        {
          "nome": "Artigos",
          "link": "https://scholar.google.com.br/scholar?q=Politica+Nacional+de+Praticas+Integrativas+e+Complementares+no+SUS&hl=pt-BR&as_sdt=0&as_vis=1&oi=scholart&sa=X&ei=6EUkVeXbI67dsASw1IHICw&ved=0CBsQgQMwAA"
        }]
      }
    },
    {
      "id": 17,
      "title": "Programa Saúde na Escola",
      "icon": "marco",
      "graph": true,
      "component": {
        "type": "text",
        "ano": 1995,
        "fields": {
          "excerpt": "O **Programa Saúde na Escola (PSE)** visa à integração e articulação permanente da educação e da saúde, proporcionando melhoria da qualidade de vida da população brasileira. Como consolidar essa atitude dentro das escolas? Essa é a questão que nos guiou para elaboração da metodologia das Agendas de Educação e Saúde, a serem executadas como projetos didáticos nas Escolas."
        }
      },
      "conteudo": {
        "texto": "",
        "arquivos": [{
          "nome": "Programa Saúde nas Escolas",
          "link": "http://portal.mec.gov.br/index.php?option=com_content&id=14578:programa-saude-nas-escolas&Itemid=817"
        },
        {
          "nome": "Caderno de atenção básica",
          "link": "http://dab.saude.gov.br/docs/publicacoes/cadernos_ab/abcad24.pdf"
        }]
      }
    },
    {
      "id": 18,
      "title": "PRIMEIRA INFÂNCIA",
      "icon": "funcao",
      "component": {
        "type": "text",
        "fields": {
          "excerpt": "###Desenvolvimento Integral da Primeira Infância\n\n A primeira infância compreende o período da gestação até os 6 anos de idade, e é considerada o período mais importante para a formação e para o desenvolvimento social, cognitivo e emocional de um indivíduo. Evidências sobre a importância de investimento pelas famílias e nações na promoção de um pleno Desenvolvimento na Primeira Infância (DPI) têm se avolumado, por parte das Neurociências, da Psicologia e do ganhador do Prêmio Nobel de Economia James Heckman, que mostrou a associação entre investimento nesta faixa etária e o desenvolvimento das nações. Para o Ministério da Saúde, com os avanços do país em relação a diminuição da mortalidade infantil, não se pode mais pensar apenas em políticas de garantia da sobrevivência, devendo se almejar, também, a promoção de um pleno DPI. Além das ações do programa Brasil Carinhoso, lançado em 2012, importantes programas de Visitas Domiciliares para famílias vulneráveis, com gravidas ou crianças pequenas, estão sendo desenvolvidos,  visando o fomento ao vínculo mãe/família com o bebê e seu empoderamento para o cuidado e estimulo ao DPI. Um exemplo desses programas é o Primeira Infância Melhor, da Secretaria de Saúde do Rio Grande do Sul."
        }
      },
      "conteudo": {
        "texto": ""
      }
    },
    {
      "id": 19,
      "title": "Conselhos Locais de Saúde",
      "icon": "dispositivo",
      "component": {
        "type": "text",
        "fields": {
          "excerpt": "###Conselhos Locais de Saúde"
        }
      },
      "conteudo": {
        "texto": "",
        "arquivos": [{
          "nome": "Orientações para as secretarias executivas dos conselhos de saúde",
          "link": "http://conselho.saude.gov.br/biblioteca/livros/miolo_orientacoes_sec_executivas2.pdf"
        }]
      }
    },
    {
      "id": 20,
      "title": "Rede da Primeia Infância",
      "icon": "conceito",
      "component": {
        "type": "text",
        "fields": {
          "excerpt": "A primeira infância compreende o período da gestação até os 6 anos de idade, e é considerada o período mais importante para a formação e para o desenvolvimento social, cognitivo e emocional de um indivíduo."
        }
      },
      "conteudo": {
        "texto": ""
      }
    },
    {
      "id": 21,
      "title": "Co-gestão",
      "icon": "conceito",
      "component": {
        "type": "text",
        "fields": {
          "excerpt": "###Co-gestão"
        }
      },
      "conteudo": {
        "texto": "",
        "arquivos": [{
          "nome": "Gestão participativa e cogestão",
          "link": "http://www.redehumanizasus.net/sites/default/files/10_0380_final_gestao_participativa_e_cogestao.pdf"
        }]
      }
    },
    {
      "id": 22,
      "title": "Dr. Carlos Alberto Justo da Silva",
      "funcao": "Diretor do Hospital Universitário Prof. Polydoro Ernani de Santiago"
    },
    {
      "id": 23,
      "title": "Dr. Paulo Vicente Bonilha Almeida",
      "funcao": "Coordenador Geral de Saúde da Criança e Aleitamento Materno do Ministério da Saúde"
    },
    {
      "id": 24,
      "title": "Caren Della Méa da Fonseca",
      "funcao": "Enfermeira da Equipe de Saúde da Família do Centro de Saúde Carianos"
    },
    {
      "id": 25,
      "title": "Sheila",
      "funcao": "Mãe no Hospital Universitário"
    },
    {
      "id": 26,
      "title": "Márcia Borck",
      "funcao": "Enfermeira da UTI Neonatal do Hospital Universitário"
    },
    {
      "id": 27,
      "title": "Rita de Cassia",
      "funcao": "Enfermeira da Maternidade do Hospital Universitário – UFSC "
    },
    {
      "id": 28,
      "title": "Jorge Ernesto Zepeda",
      "funcao": "Diretor da Atenção Primaria a Saúde da Secretaria Municipal de Saúde de Florianópolis"
    },
    {
      "id": 29,
      "title": "Marcia Sueli Del Castanhel",
      "funcao": "Coordenadora da Saúde da Criança/Capital Criança – SMS Florianópolis"
    },
    {
      "id": 30,
      "title": "Maria Izabel Machado Costa",
      "funcao": "Técnica de Enfermagem do Centro de Saúde Carianos"
    },
    {
      "id": 31,
      "title": "Patricia Mattos Carvalho",
      "funcao": "Mãe"
    },
    {
      "id": 32,
      "title": "Marli Conceição Marques Moreira",
      "funcao": "Professora da Creche Joaquina"
    },
    {
      "id": 33,
      "title": "Candice Boppre Besen",
      "funcao": "Coordenadora do Programa Saúde na Escola da SMS Florianópolis"
    },
    {
      "id": 34,
      "title": "Carlos Daniel Moutinho Junior",
      "funcao": "Secretario Municipal de Saúde de Florianópolis"
    },
    {
      "id": 35,
      "title": "Marivone da Silva",
      "funcao": "Agente Comunitario de Saude do Centro de Saude do Itacorubi"
    },
    {
      "id": 36,
      "title": "Evanguelia Atherino dos Santos",
      "funcao": "Profa. Dra. do Departamento de Enfermagem da UFSC e Consultora do Ministério da Saúde"
    }
  ],
  "edges": [
    {"source": 0,"target": 1},
    {"source": 1,"target": 2},
    {"source": 0,"target": 3},
    {"source": 0,"target": 4},
    {"source": 2,"target": 5},
    {"source": 2,"target": 6},
    {"source": 0,"target": 7},
    {"source": 2,"target": 7},
    {"source": 0,"target": 8},
    {"source": 0,"target": 9},
    {"source": 0,"target": 10},
    {"source": 0,"target": 10},
    {"source": 0,"target": 11},
    {"source": 0,"target": 12},
    {"source": 0,"target": 13},
    {"source": 0,"target": 14},
    {"source": 0,"target": 15},
    {"source": 0,"target": 16},
    {"source": 0,"target": 17},
    {"source": 0,"target": 18},
    {"source": 0,"target": 19},
    {"source": 0,"target": 20},
    {"source": 0,"target": 21}
  ]
}