{
  "timecode": [
    {"start":   5, "end":  20, "node": 1},
    {"start":  25, "end":  40, "node": 2},
    {"start":  50, "end":  69, "node": 3},
    {"start":  100, "end":  120, "node": 4},
    {"start":  140, "end": 170, "node": 5},
    {"start": 205, "end": 219, "node": 6},
    {"start": 255, "end": 280, "node": 7},
    {"start": 308, "end": 325, "node": 8},
    {"start": 355, "end": 380, "node": 9},
    {"start": 417, "end": 437, "node": 10},
    {"start": 489, "end": 540, "node": 11},
    {"start": 730, "end": 744, "node": 12},
    {"start": 793, "end": 813, "node": 13},
    {"start": 911, "end": 960, "node": 14},
    {"start": 974, "end": 996, "node": 15},
    {"start": 999, "end": 1021, "node": 16},
    {"start": 1075, "end": 1129, "node": 17},
    {"start": 1144, "end": 1188, "node": 18},
    {"start":  45, "end":  49, "node": 19},
    {"start":  77, "end":  82, "node": 20},
    {"start":  94, "end":  99, "node": 21},
    {"start":  180, "end":  185, "node": 22},
    {"start":  220, "end":  225, "node": 23},
    {"start":  301, "end":  306, "node": 24},
    {"start":  281, "end":  286, "node": 25},
    {"start":  395, "end":  400, "node": 26},
    {"start":  568, "end":  573, "node": 27},
    {"start":  616, "end":  621, "node": 28},
    {"start":  745, "end":  750, "node": 29},
    {"start":  816, "end":  821, "node": 30},
    {"start":  1022, "end":  1027, "node": 31},
    {"start":  1066, "end":  1071, "node": 32}
  ],
  "nodes": [
    {
      "id": 1,
      "title": "PNAISP",
      "icon": "marco",
      "graph": true,
      "component": {
        "type": "text",
        "ano": 2014,
        "fields": {
          "excerpt": "###Política Nacional de Atenção Integral à Saúde das Pessoas Privadas de Liberdade no Sistema Prisional \n\nA PNAISP foi intituída, em 02 de janeiro de 2014, com o objetivo de garantir o acesso das pessoas privadas de liberdade no sistema prisional ao cuidado integral no SUS."
        }
      },
      "conteudo": {
        "texto": "",
        "arquivos": [{
          "nome": "PORTARIA INTERMINISTERIAL MS/MJ Nº 1, DE 2 DE JANEIRO DE 2014",
          "link": "http://bvsms.saude.gov.br/bvs/saudelegis/gm/2014/pri0001_02_01_2014.html"
        },
        {
          "nome": "Carta de Brasília",
          "link": "https://s3-sa-east-1.amazonaws.com/avnaweb/DAPES/POA/arquivos/Carta+de+Bras%C3%ADlia+-+Gestores.pdf"
        }]
      }
    },
    {
      "id": 2,
      "title": "PNSSP",
      "icon": "marco",
      "graph": true,
      "component": {
        "type": "text",
        "ano": 2003,
        "fields": {
          "excerpt": "###Plano Nacional de Saúde no Sistema Penitenciário \n\nA assistência à saúde para a população privada de liberdade já estava prevista, desde 1984, na Lei de execussão Penal (LEP), entretanto foi a partir de 2003 que o Estado brasileiro reconheceu a necessidade de incluir essa população na rede de atenção à saúde do SUS, lançando, assim, o Plano Nacional de Saúde no Sistema Penitenciário.   "
        }
      },
      "conteudo": {
        "texto": "",
        "arquivos": [{
          "nome": "Plano Nacional de Saúde no Sistema Penitenciário",
          "link": "http://bvsms.saude.gov.br/bvs/publicacoes/plano_nacional_saude_sistema_penitenciario_2ed.pdf"
        },
        {
          "nome": "NOVO DIAGNÓSTICO DE PESSOAS PRESAS NO BRASIL",
          "link": "http://www.cnj.jus.br/images/imprensa/pessoas_presas_no_brasil_final.pdf"
        },
        {
          "nome": "A VISÃO DO MINISTÉRIO PÚBLICO SOBRE O SISTEMA PRISIONAL BRASILEIRO",
          "link": "http://www.cnmp.mp.br/portal/images/Comissoes/CSP/Relat%C3%B3rio_Vis%C3%A3o_do_Minist%C3%A9rio_P%C3%BAblico_no_Sistema_Prisional_Edi%C3%A7%C3%A3o_2013.PDF"
        }]
      }
    },
    {
      "id": 3,
      "title": "Arquitetura Penal",
      "icon": "conceito",
      "component": {
        "type": "text",
        "fields": {
          "excerpt": "A ambiência Humanizada é uma diretriz da Política Nacional de Humanização-PNH que visa tratar os espaços físicos a fim de torná-los acolhedores e contribuir para a atenção à saúde"
        }
      },
      "conteudo": {
        "texto": "",
        "arquivos": [
          {
          "nome": "Diretrizes básicas para arquitetura penal",
          "link": "http://www.criminal.mppr.mp.br/arquivos/File/ExecucaoPenal/CNPCP/2011Diretrizes_ArquiteturaPenal_resolucao_09_11_CNPCP.pdf"
          },
          {
          "nome": "CARTILHA AMBIÊNCIA",
          "link": "http://bvsms.saude.gov.br/bvs/publicacoes/ambiencia_2ed.pdf"
          },
          {
          "nome": "VIGILÂNCIA SANITÁRIA",
          "link": "http://portal.anvisa.gov.br/wps/wcm/connect/ca36b200474597459fc8df3fbc4c6735/RDC+N%C2%BA.+50,+DE+21+DE+FEVEREIRO+DE+2002.pdf?MOD=AJPERES"
          }
        ],
        "video_list": "PLqwF2MOG7-g32N2p1PHl5GR8Dn-pLOkZM"
      }
    },
    {
      "id": 4,
      "title": "DIREITOS HUMANOS",
      "icon": "marco",
      "component": {
        "type": "text",
        "ano": 1988,
        "fields": {
          "excerpt": "###Art. 196o da Constituição do Brasil de 1988. \n\nA saúde é direito de todos e dever do estado, garantido mediante políticas sociais e econômicas que visem à redução do risco de doença e de outros agravos e ao acesso universal e igualitário às ações e serviços para sua promoção, proteção e recuperação"
        }
      },
      "conteudo": {
        "texto": "",
        "arquivos": [{
          "nome": "CONSTITUIÇÃO DA REPÚBLICA FEDERATIVA DO BRASIL DE 1988",
          "link": "http://www.senado.gov.br/legislacao/const/con1988/CON1988_05.10.1988/CON1988.shtm"
        },
        {
          "nome": "DECLARAÇÃO UNIVERSAL DOS DIREITOS HUMANOS",
          "link": "http://www.dudh.org.br/declaracao/"
        },
        {
          "nome": "Relator da ONU pede revisao de regras para tratamento de prisioneiros",
          "link": "http://nacoesunidas.org/relator-especial-da-onu-pede-que-regras-globais-para-tratamento-de-prisioneiros-sejam-atualizadas/"
        },
        {
          "nome": "NORMAS E PRINCÍPIOS DAS NAÇÕES UNIDAS SOBRE PREVENÇÃO AO CRIME E JUSTIÇA CRIMINAL",
          "link": "https://www.unodc.org/documents/justice-and-prison-reform/projects/UN_Standards_and_Norms_CPCJ_-_Portuguese1.pdf"
        },
        {
          "nome": "OBSERVATÓRIO DE RECOMENDAÇÕES INTERNACIONAIS SOBRE DIREITOS HUMANOS",
          "link": "http://www.observadh.sdh.gov.br/portal/sistema/encontre-as-recomendacoes"
        }]
      }
    },
    {
      "id": 5,
      "title": "Saúde Prisional em Debate",
      "icon": "funcao",
      "component": {
        "type": "text",
        "fields": {
          "excerpt": "Quer saber mais sobre saúde no sistema prisional? Assista os vídeos abaixo!"
        }
      },
      "conteudo": {
        "texto": "",
        "video_list": "PLqwF2MOG7-g2mIoorZ0vWPffZIyVBR59x",
        "arquivos": [{
          "nome": "OBSERVATÓRIO NACIONAL DO SISTEMA PRISIONAL – ONASP",
          "link": "https://www.ufmg.br/ead/onasp/participe.html"
        }]
      }
    },
    {
      "id": 6,
      "title": "Saúde da Mulher",
      "icon": "mulher",
      "component": {
        "type": "text",
        "fields": {
          "excerpt": "A Política Nacional de Atenção Integral à Saúde da Mulher (**PNAISM**) identifica a necessidadede acesso da população feminina privada de liberdade às ações de atenção à saúde com garantia do atendimento das demandas específicas das mulheres presidiárias, por meio de uma atenção diferenciada dentro do conjunto de ações do **Sistema Único de Saúde- SUS**"
        }
      },
      "conteudo": {
        "texto": "**Política Nacional de Atenção Integral à Saúde da Mulher** identifica a necessidade de acesso dessa população às ações de atenção à saúde, tanto com a implantação de ações no nível da atenção básica dentro dos presídios, como pelas referências para média e alta complexidade, com garantia do atendimento das demandas específicas das mulheres presidiárias por meio de uma atenção diferenciada dentro do conjunto de ações do Sistema Único de Saúde'.",
        "arquivos": [{
          "nome": "MULHERES CONTINUAM SENDO CONDENADAS E PRESAS POR SOFREREM ABORTOS ESPONTANEOS",
          "link": "http://www.redehumanizasus.net/88663-mulheres-continuam-sendo-condenadas-e-presas-por-sofrerem-abortos-espontaneos"
          },
          {
          "nome": "ATENÇÃO ÀS MULHERES EM SITUAÇÃO DE PRIVAÇÃO DE LIBERDADE E EGRESSAS DO SISTEMA PRISIONAL",
          "link": "http://www.justica.sp.gov.br/StaticFiles/SJDC/ArquivosComuns/ProgramasProjetos/PPM/U_PT-INTERM-MJ-MSPM-210_160114.pdf"
          },
          {
          "nome": "Princípios e Diretrizes da PNAISM",
          "link": "http://bvsms.saude.gov.br/bvs/publicacoes/politica_nacional_mulher_principios_diretrizes.pdf"
          },
          {
          "nome": "REGRAS INTERNACIONAIS DE DIREITOS HUMANOS GARANTEM PRISÃO DOMICILIAR A GESTANTE",
          "link": "http://www.stf.jus.br/portal/cms/verNoticiaDetalhe.asp?idConteudo=283125"
          },
          {
          "nome": "REGRAS DAS NAÇÕES UNIDAS PARA O TRATAMENTO DE MULHERES PRESAS",
          "link": "http://carceraria.org.br/wp-content/uploads/2012/09/Tradu%C3%A7%C3%A3o-n%C3%A3o-oficial-das-Regras-de-Bangkok-em-11-04-2012.pdf"
          }],
        "video_list": "PLqwF2MOG7-g2jJdUZUZ6tI6X-2t_o1O28",
        "hipervideo": {
          "nome": "Veja também o hipervídeo sobre a saúde da mulher",
          "link": "/#/mulher"
        }
      }
    },
    {
      "id": 7,
      "title": "TUBERCULOSE/HIV",
      "icon": "conceito",
      "component": {
        "type": "text",
        "fields": {
          "excerpt": "“Na população prisional, a prevalência da tuberculose é 40 vezes maior que na população geral, o que é inadmissível haja vista que existe tratamento para a doença. (...) portanto, o controle da coinfecção do hiv e tuberculose é um grande desafio a ser enfrentado, e o seu controle na população como um todo, fazendo um chamado a todos os participantes.” *(consulta nacional sobre hiv/aids no sistema penitenciário)*"
        }
      },
      "conteudo": {
        "texto": "",
        "arquivos": [
          {
            "nome": "Portal da Saúde - Tuberculose",
            "link": "http://portalsaude.saude.gov.br/index.php/o-ministerio/principal/leia-mais-o-ministerio/743-secretaria-svs/vigilancia-de-a-a-z/tuberculose/l2-tuberculose/11941-viajantes-tuberculose"
            },
            {
              "nome": "Panorama da tuberculose no brasil",
              "link": "http://portalsaude.saude.gov.br/images/pdf/2014/novembro/24/panorama-tuberculose-brasil-out14-web.pdf"
            },
            {
              "nome": "Manual de controle da tuberculose nas prisões",
              "link": "http://bvsms.saude.gov.br/bvs/publicacoes/manual_intervencoes_ambientais_controle_tuberculose_prisoes.pdf"
            },
            {
              "nome": "CONSULTA NACIONAL SOBRE HIV/AIDS NO SISTEMA PENITENCIÁRIO",
              "link": "http://www.aids.gov.br/search/node/consulta"
            }]
      }
    },
    {
      "id": 8,
      "title": "Política Nacional de Humanização – PNH",
      "icon": "marco",
      "graph": true,
      "component": {
        "type": "text",
        "ano": 2003,
        "fields": {
          "excerpt": "O que é a PNH?"
        }
      },
      "conteudo": {
        "texto": "",
        "arquivos": [{
          "nome": "Trabalho e redes de saúde",
          "link": "http://www.redehumanizasus.net/sites/default/files/10_0383_final_trabalho_e_redes_de_saude.pdf"
          },
          {
          "nome": "PORTAL SAÚDE – HUMANIZA-SUS",
          "link": "http://portalsaude.saude.gov.br/index.php?option=com_content&view=article&id=8596&Itemid=388"
          },
          {
          "nome": "Mapa de ações da PNH",
          "link": "http://www.redehumanizasus.net/mapa-acoes"
          }],
        "video_list": "PLqwF2MOG7-g3hbV9tRIm11qJcMhcuksi4"
      }
    },
    {
      "id": 9,
      "title": "Saúde da Criança",
      "icon": "crianca",
      "component": {
        "type": "text",
        "fields": {
          "excerpt": "O aleitamento materno é fundamental para o desenvolvimento sadio da criança e está garantido no artigo 5o inciso I da constituição federal o direito das mulheres privadas de liberdade às condições para que possam permanecer com seus filhos durante o período de amamentação."
        }
      },
      "conteudo": {
        "texto": "",
        "arquivos": [{
          "nome": "ALEITAMENTO MATERNO PARA AS MULHERES PRIVADAS DE LIBERDADE",
          "link": "https://s3-sa-east-1.amazonaws.com/avnaweb/DAPES/POA/arquivos/Cartilha+Aleitamento+Materno.pdf"
          },
          {
          "nome": "INCLUSÃO DAS MULHERES EM PRIVAÇÃO DE LIBERDADE NA REDE CEGONHA",
          "link": "https://s3-sa-east-1.amazonaws.com/avnaweb/DAPES/POA/arquivos/Cartilha+Inclusao+Mulheres+Rede+Cegonha.pdf"
          }],
        "video_list": "PLqwF2MOG7-g1iWfMBPDIMR0S1sPPhAE6j",
        "hipervideo": {
          "nome": "Veja também o hipervídeo sobre a saúde da criança",
          "link": "/#/crianca"
        }
      }
    },
    {
      "id": 10,
      "title": "Acolhimento",
      "icon": "conceito",
      "component": {
        "type": "text",
        "fields": {
          "excerpt": "O acolhimento é uma atitude de acompanhamento do paciente que deve ocorrer desde a porta de entrada até a sua saída."
        }
      },
      "conteudo": {
        "texto": "",
        "arquivos": [{
          "nome": "Acolhimento e classificação de risco nos serviços de urgência",
          "link": "http://www.redehumanizasus.net/sites/default/files/10_0378_final_acolhimento_e_classificacao_de_risco_ue.pdf"
        }],
        "video_list": "PLqwF2MOG7-g23XehNY8M45ByAvHVd0Hyn"
      }
    },
    {
      "id": 11,
      "title": "Clínica Ampliada",
      "icon": "conceito",
      "component": {
        "type": "text",
        "fields": {
          "excerpt": "A Clínica Ampliada é uma aposta para lidar com a complexidade biopsicosocial presente no sistema prisional."
        }
      },
      "conteudo": {
        "texto": "",
        "arquivos": [{
          "nome": "Clínica ampliada e compartilhada",
          "link": "http://www.redehumanizasus.net/sites/default/files/10_0379_final_clinica_ampliada.pdf"
        }],
        "video_list": "PLqwF2MOG7-g1DqSVvy02X8SUuLasB6I77"
      }
    },
    {
      "id": 12,
      "title": "Rede de Saúde",
      "icon": "dispositivo",
      "component": {
        "type": "text",
        "fields": {
          "excerpt": "O sistema prisional é um nó da rede de saúde que compõe o território"
        }
      },
      "conteudo": {
        "texto": "",
        "arquivos": [{
          "nome": "Redes de produção de saúde",
          "link": "http://www.redehumanizasus.net/sites/default/files/10_0382_redes_de_producao_de_saude.pdf"
        }],
        "video_list": "PLqwF2MOG7-g0JbF3k-ol4SMFzHeGK9Whl"
      }
    },
    {
      "id": 13,
      "title": "Ética do Cuidado",
      "icon": "conceito",
      "component": {
        "type": "text",
        "fields": {
          "excerpt": "Na relação entre saúde e segurança a direção ética é aquela que evita os estados de dominação para afirmar a vida."
        }
      },
      "conteudo": {
        "texto": "Por uma perspectiva ética das práticas de cuidado no contemporâneo",
        "arquivos": [{
          "nome": "ÉTICA E SUBJETIVIDADE - NOVOS IMPASSES NO CONTEMPORÂNEO",
          "link": "http://www.editorasulina.com.br/img/sumarios/501.pdf"
        },
        {
          "nome": "A ÉTICA DA METAESTABILIDADE E A DIREÇÃO ÉTICA DA CLÍNICA",
          "link": "http://seer.ufrgs.br/InfEducTeoriaPratica/article/viewFile/29088/19466"
        },
        {
          "nome": "POR OUTRA PERSPECTIVA ÉTICA DAS PRÁTICAS DE CUIDADO E GOVERNO NO CONTEMPORÂNEO",
          "link": "http://www.slab.uff.br/images/Aqruivos/dissertacoes/2009/Cristiano.pdf"
        },
        {
          "nome": "FRAGMENTOS DE DISCURSOS (NÃO TÃO AMOROSOS) SOBRE O EXAME CRIMINOLÓGICO",
          "link": "http://www.crprj.org.br/publicacoes/livros/livro_falado.pdf "
        }]
      }
    },
    {
      "id": 14,
      "title": "Justiça Criminal",
      "icon": "conceito",
      "component": {
        "type": "text",
        "fields": {
          "excerpt": "Saúde e segurança no sistema prisional é uma questão de direitos humanos."
        }
      },
      "conteudo": {
        "texto": "",
        "arquivos": [{
          "nome": "OUVIDORIA DO DEPARTAMENTO PENITENCIÁRIO NACIONAL (DEPEN)",
          "link": "http://portal.mj.gov.br/main.asp?View={DA8C1EA2-5CE1-45BD-AA07-5765C04797D9}&BrowserType=NN&LangID=pt-br&params=itemID%3D%7B114098CC-7FA2-4F34-B3B0-F61C115F415D%7D%3B&UIPartUID=%7B2868BA3C-1C72-4347-BE11-A26F70F4CB26%7D"
        }],
        "video_list": "PLqwF2MOG7-g3_ypi2LKt4PWFlf_HwgQyn"
      }
    },
    {
      "id": 15,
      "title": "Luta Antimanicomial",
      "icon": "funcao",
      "component": {
        "type": "text",
        "fields": {
          "excerpt": "Vinculada à PNAISP foi instituído o serviço de avaliação e acompanhamento das medidas terapêuticas aplicáveis à pessoa com transtorno mental em conflito com a lei (EAP), cujo objetivo é reorientar o modelo de atenção aos pacientes com transtorno mental em conflito com a lei, que se encontram sob a custódia do estado, de maneira a evitar o tratamento em meio fechado e garantir o retorno à liberdade no menor tempo possível."
        }
      },
      "conteudo": {
        "texto": "",
        "arquivos": [{
          "nome": "Luta antimanicomial",
          "link": "http://www.redehumanizasus.net/85171-luta-antimanicomial-2014"
        },
        {
          "nome": "PORTARIA Nº 94, DE 14 DE JANEIRO DE 2014",
          "link": "http://bvsms.saude.gov.br/bvs/saudelegis/gm/2014/prt0094_14_01_2014.html"
        },
        {
          "nome": "Cartilha EAP",
          "link": "https://s3-sa-east-1.amazonaws.com/avnaweb/DAPES/POA/arquivos/Cartilha+EAP.pdf"
        },
        {
          "nome": "Programa de Atenção Integral ao Louco Infrator (PAILI)",
          "link": "http://www.saude.go.gov.br/index.php?idMateria=153172"
        },
        {
          "nome": "Observatório nacional de saúde mental e justiça criminal",
          "link": "http://observasmjc.uff.br/"
        },
        {
          "nome": "Programa de Atenção Integral ao Paciente Judiciário Portador de Sofrimento Mental (PAI-PJ)",
          "link": "http://ftp.tjmg.jus.br/presidencia/projetonovosrumos/pai_pj/"
        },
        {
          "nome": "PORTAL SAÚDE – SAÚDE MENTAL",
          "link": "http://portalsaude.saude.gov.br/index.php?option=com_content&view=article&id=11359&Itemid=693 "
        }]
      }
    },
    {
      "id": 16,
      "title": "Movimento Social Negro",
      "icon": "funcao",
      "component": {
        "type": "text",
        "fields": {
          "excerpt": "O sistema prisional tem cor! Negros e pardos são maioria entre a população de pessoas privadas de liberdade."
        }
      },
      "conteudo": {
        "texto": "",
        "arquivos": [{
          "nome": "Instituto de Cultura e Consciência Negra Nelson Mandela",
          "link": "http://www.institutonelsonmandela.org/"
        },
        {
          "nome": "Fórum Permanente de Saúde no Sistema Penitenciário-RJ",
          "link": "https://www.facebook.com/profile.php?id=100009184206078&sk=about"
        }]
      }
    },
    {
      "id": 17,
      "title": "Movimento Social LGBT",
      "icon": "funcao",
      "component": {
        "type": "text",
        "fields": {
          "excerpt": "Desde o início da epidemia da AIDS a resposta brasileira conduzida pelo departamento de DST/AIDS e hepatites virais do Ministério da Saúde contou com a participação da sociedade civil. atualmente, o movimento lgbt lança luz sobre as condições de saúde vivida por esse seguimento populacional no sistema prisional."
        }
      },
      "conteudo": {
        "texto": "",
        "arquivos": [{
          "nome": "DEPARTAMENTO DE DST, AIDS E HEPATITES VIRAIS (DDAHV)",
          "link": "http://www.aids.gov.br/"
        },
        {
          "nome": "IGUALDADE-RS",
          "link": "http://www.aigualdaders.org/ "
        },
        {
          "nome": "RESOLUÇÃO CONJUNTA Nº 1, DE 15 DE ABRIL DE 2014",
          "link": "http://www.lex.com.br/legis_25437433_RESOLUCAO_CONJUNTA_N_1_DE_15_DE_ABRIL_DE_2014.aspx "
        }]
      }
    },
    {
      "id": 18,
      "title": "Sistema Único De Saúde-SUS",
      "icon": "marco",
      "graph": true,
      "component": {
        "type": "text",
        "ano": 1990,
        "fields": {
          "excerpt": "O objetivo final da PNAISP é incluir 100% da população privada de liberdade do sistema prisional no SUS."
        }
      },
      "conteudo": {
        "texto": "",
        "arquivos": [{
          "nome": "LEI Nº 8.080, DE 19 DE SETEMBRO DE 1990",
          "link": "http://www.planalto.gov.br/ccivil_03/leis/l8080.htm"
        },
        {
          "nome": "Cartilha PNAISP",
          "link": ""
        },
        {
          "nome": "CONSELHO NACIONAL DE SAÚDE",
          "link": "http://www.conselho.saude.gov.br/"
        },
        {
          "nome": "PORTARIA Nº 482, DE 1º DE ABRIL DE 2014",
          "link": "http://bvsms.saude.gov.br/bvs/saudelegis/gm/2014/prt0482_01_04_2014.html"
        }],
        "video_list": "PLqwF2MOG7-g1Vgcw8GpV3ezOsOc21U9nY"
      }
    },
    {
      "id": 19,
      "title": "Marden Marques Soares Filho",
      "funcao": "Coordenador Geral Saúde da Pessoa Privada de Liberdade/DAPES/MS"
    },
    {
      "id": 20,
      "title": "Dário Frederico Pasche",
      "funcao": "Diretor do Departamento de Ações Programáticas e Estratégicas/SAS/MS"
    },
    {
      "id": 21,
      "title": "Sandra Maria Sales Fagundes",
      "funcao": "Secretária Estadual de Saúde do Rio Grande do Sul"
    },
    {
      "id": 22,
      "title": "Dr. Dirceu Dal'Molin",
      "funcao": "Diretor Técnico e médico cirurgião"
    },
    {
      "id": 23,
      "title": "Marília dos Santos Simões",
      "funcao": "Diretora da Penitenciária Feminina Madre Pelletier"
    },
    {
      "id": 24,
      "title": "Carla Letícia Preste Oliveira",
      "funcao": "Enfermeira Presídio Central"
    },
    {
      "id": 25,
      "title": "Dra. Carla Jarczewski",
      "funcao": "Coordenadora Estadual do Controle de Tuberculose"
    },
    {
      "id": 26,
      "title": "Maj. Dagoberto Albuquerque da Costa",
      "funcao": "Diretor do Presídio Central. Brigada Militar"
    },
    {
      "id": 27,
      "title": "Elenita Majara Pinto Ferreira",
      "funcao": "Enfermeira Presídio Central"
    },
    {
      "id": 28,
      "title": "Haika",
      "funcao": "Travesti Interna do Presídio Central"
    },
    {
      "id": 29,
      "title": "Águida Luana Veriato Schultz",
      "funcao": "Unidade de Saúde Costa e Silva"
    },
    {
      "id": 30,
      "title": "Drª Sandra Coccaro",
      "funcao": "Ginecologista - Penitenciária Feminina Madre Pelletier - RS"
    },
    {
      "id": 31,
      "title": "Renata Maria Dotta Panichi",
      "funcao": "Secretaria Estadual da Saúde"
    },
    {
      "id": 32,
      "title": "Marcelly Malta Schwarzbold",
      "funcao": "ONG Igualdade-RS"
    }
  ],
  "edges": [
    {"source": 0,"target": 1},
    {"source": 0,"target": 2},
    {"source": 1,"target": 3},
    {"source": 1,"target": 5},
    {"source": 1,"target": 7},
    {"source": 0,"target": 8},
    {"source": 1,"target": 8},
    {"source": 6,"target": 8},
    {"source": 8,"target": 9},
    {"source": 1,"target": 10},
    {"source": 8,"target": 10},
    {"source": 1,"target": 11},
    {"source": 8,"target": 12},
    {"source": 8,"target": 13},
    {"source": 0,"target": 14},
    {"source": 12,"target": 15},
    {"source": 12,"target": 16},
    {"source": 12,"target": 17},
    {"source": 1,"target": 18},
    {"source": 8,"target": 18}
  ]
}